{
  "project_info": {
    "project_number": "835485842403",
    "firebase_url": "https://bp-tracker-e7823-default-rtdb.firebaseio.com",
    "project_id": "bp-tracker-e7823",
    "storage_bucket": "bp-tracker-e7823.appspot.com"
  },
  "client": [
    {
      "client_info": {
        "mobilesdk_app_id": "1:835485842403:android:cbfac028e4e5d0c560bed6",
        "android_client_info": {
          "package_name": "com.tuannguyen.bptracker"
        }
      },
      "oauth_client": [
        {
          "client_id": "835485842403-vh60mn8a7tsd5j35s80q0bpopvbf4nbr.apps.googleusercontent.com",
          "client_type": 3
        }
      ],
      "api_key": [
        {
          "current_key": "AIzaSyABld91DhTDAs9quheYgNDoe8wrqPIHGnc"
        }
      ],
      "services": {
        "appinvite_service": {
          "other_platform_oauth_client": [
            {
              "client_id": "835485842403-vh60mn8a7tsd5j35s80q0bpopvbf4nbr.apps.googleusercontent.com",
              "client_type": 3
            }
          ]
        }
      }
    }
  ],
  "configuration_version": "1"
}